-- MySQL dump 10.13  Distrib 8.0.32, for Win64 (x86_64)
--
-- Host: 127.0.0.1    Database: proyecto
-- ------------------------------------------------------
-- Server version	8.0.17

/*!40101 SET @OLD_CHARACTER_SET_CLIENT=@@CHARACTER_SET_CLIENT */;
/*!40101 SET @OLD_CHARACTER_SET_RESULTS=@@CHARACTER_SET_RESULTS */;
/*!40101 SET @OLD_COLLATION_CONNECTION=@@COLLATION_CONNECTION */;
/*!50503 SET NAMES utf8 */;
/*!40103 SET @OLD_TIME_ZONE=@@TIME_ZONE */;
/*!40103 SET TIME_ZONE='+00:00' */;
/*!40014 SET @OLD_UNIQUE_CHECKS=@@UNIQUE_CHECKS, UNIQUE_CHECKS=0 */;
/*!40014 SET @OLD_FOREIGN_KEY_CHECKS=@@FOREIGN_KEY_CHECKS, FOREIGN_KEY_CHECKS=0 */;
/*!40101 SET @OLD_SQL_MODE=@@SQL_MODE, SQL_MODE='NO_AUTO_VALUE_ON_ZERO' */;
/*!40111 SET @OLD_SQL_NOTES=@@SQL_NOTES, SQL_NOTES=0 */;

--
-- Table structure for table `cultivo`
--

DROP TABLE IF EXISTS `cultivo`;
/*!40101 SET @saved_cs_client     = @@character_set_client */;
/*!50503 SET character_set_client = utf8mb4 */;
CREATE TABLE `cultivo` (
  `cultivo_id` bigint(20) NOT NULL AUTO_INCREMENT,
  `nombre` varchar(255) DEFAULT NULL,
  PRIMARY KEY (`cultivo_id`)
) ENGINE=InnoDB AUTO_INCREMENT=2 DEFAULT CHARSET=utf8mb4 COLLATE=utf8mb4_0900_ai_ci;
/*!40101 SET character_set_client = @saved_cs_client */;

--
-- Dumping data for table `cultivo`
--

LOCK TABLES `cultivo` WRITE;
/*!40000 ALTER TABLE `cultivo` DISABLE KEYS */;
INSERT INTO `cultivo` VALUES (1,'tulipan');
/*!40000 ALTER TABLE `cultivo` ENABLE KEYS */;
UNLOCK TABLES;

--
-- Table structure for table `invernadero`
--

DROP TABLE IF EXISTS `invernadero`;
/*!40101 SET @saved_cs_client     = @@character_set_client */;
/*!50503 SET character_set_client = utf8mb4 */;
CREATE TABLE `invernadero` (
  `invernadero_id` bigint(20) NOT NULL AUTO_INCREMENT,
  `cultivo_id` bigint(20) DEFAULT NULL,
  `nombre` varchar(255) DEFAULT NULL,
  `ubicacion` varchar(255) DEFAULT NULL,
  PRIMARY KEY (`invernadero_id`)
) ENGINE=InnoDB AUTO_INCREMENT=4 DEFAULT CHARSET=utf8mb4 COLLATE=utf8mb4_0900_ai_ci;
/*!40101 SET character_set_client = @saved_cs_client */;

--
-- Dumping data for table `invernadero`
--

LOCK TABLES `invernadero` WRITE;
/*!40000 ALTER TABLE `invernadero` DISABLE KEYS */;
INSERT INTO `invernadero` VALUES (1,1,'Invernadero01','Plantacion 01, Cuadro 1'),(3,1,'Invernadero02','Plantacion 05, Cuadro 10');
/*!40000 ALTER TABLE `invernadero` ENABLE KEYS */;
UNLOCK TABLES;

--
-- Table structure for table `lectura`
--

DROP TABLE IF EXISTS `lectura`;
/*!40101 SET @saved_cs_client     = @@character_set_client */;
/*!50503 SET character_set_client = utf8mb4 */;
CREATE TABLE `lectura` (
  `lectura_id` bigint(20) NOT NULL AUTO_INCREMENT,
  `humedad` double DEFAULT NULL,
  `sensor_id` bigint(20) DEFAULT NULL,
  `temperatura` double DEFAULT NULL,
  PRIMARY KEY (`lectura_id`)
) ENGINE=InnoDB AUTO_INCREMENT=145 DEFAULT CHARSET=utf8mb4 COLLATE=utf8mb4_0900_ai_ci;
/*!40101 SET character_set_client = @saved_cs_client */;

--
-- Dumping data for table `lectura`
--

LOCK TABLES `lectura` WRITE;
/*!40000 ALTER TABLE `lectura` DISABLE KEYS */;
INSERT INTO `lectura` VALUES (1,22.3,2,20.4),(2,25.3,2,22.4),(3,54.45871441731518,1,25.741146544523154),(38,51.62178073005967,2,20.15641545552992),(39,44.97234006814474,2,22.882153561270485),(40,42.079339714717605,2,23.844625585228325),(41,25.3,2,22.4),(42,25.3,2,22.4),(43,31.045024059166956,2,24.06749259729611),(44,31.33205380459724,2,24.25115998795888),(45,50.15442997559825,2,26.33836169230415),(46,43.37346691364548,1,29.401020668505254),(47,40.29435625340217,1,28.518254540915663),(48,42.660342549263945,1,24.31122688853442),(49,35.34860028301438,1,20.44397184393838),(50,32.525848793912886,1,21.306106922508416),(51,47.06951928083926,1,23.68260467699413),(52,57.92044303421416,1,27.01451752839863),(53,41.574535769982944,1,28.036846391057903),(54,46.13689199279817,1,26.7821661877372),(55,54.915412831532876,1,29.647055082445853),(56,51.82048051103709,1,22.753480081909743),(57,57.044245283439324,1,28.026117820106066),(58,52.08027023061558,1,27.205648727140556),(59,52.46085215491714,1,20.66585480590938),(60,55.43120083241264,1,20.851643339081544),(61,40.35191983593836,1,27.52912450112541),(62,33.31770488919873,1,27.212638717773164),(63,56.11826805249589,1,29.118874704745018),(64,57.101929815648944,1,25.78594861335398),(65,30.372104309646108,1,28.560586288333244),(66,58.184282651418,1,28.459698548214146),(67,30.43262627530939,1,29.68123671823991),(68,32.86083371757298,1,24.610114356738922),(69,57.08103330511819,1,26.546356488516807),(70,48.030716278658204,1,27.199610441868494),(71,44.192476998943995,1,21.775748256280313),(72,50.492490514406626,1,25.15556204293176),(73,49.521130111999895,1,25.07155863889171),(74,39.5338111240792,1,27.396951950066498),(75,32.5077362088343,1,29.81351618409917),(76,46.83594785969257,1,29.66385967055427),(77,32.17465919783252,1,22.64167165625776),(78,30.522742541877566,1,28.549458146043488),(79,31.425545394851095,1,28.005775244815126),(80,53.15869055235676,1,27.78928854184404),(81,54.40439519393306,1,26.999719829064247),(82,44.22206168409504,1,24.926322711406875),(83,46.91727173306259,1,27.71404939935806),(84,54.658410035004124,1,20.798205630343563),(85,39.92432542476416,1,28.386890489943596),(86,56.47457457339833,1,23.547045161892843),(87,58.891269375770335,1,29.832688500094886),(88,59.76182001317451,1,25.40952284497185),(89,42.943213302745164,1,20.136002700460867),(90,48.44777656845132,1,24.350450981002304),(91,56.24586284367582,1,20.78092828976151),(92,49.47599001438036,1,25.138489417599757),(93,54.29019747502442,1,24.98077584508439),(94,56.282931352142185,1,24.201802821701765),(95,44.37706251450426,1,24.40810637096481),(96,58.14006008815773,1,20.052091375955165),(97,50.11463402612402,1,25.131781356077166),(98,34.8979431157016,1,26.825088266248052),(99,47.02059417851904,1,22.2260483514167),(100,45.39519666495955,1,29.202484030756686),(101,57.05399010431585,1,23.34628057784991),(102,40.16793845895451,2,29.72170886834988),(103,49.939944747301624,2,25.079409928825207),(104,49.5279845101206,2,24.291624675371658),(105,38.53968065297681,2,24.559243177063472),(106,46.96113963439866,2,20.56665383104986),(107,40.27995347633177,2,26.320518702649203),(108,55.182546790016445,2,25.982649907755928),(109,57.76835424787009,2,23.25039584779492),(110,35.55998987982715,2,22.419199872706756),(111,39.71286227242944,2,23.947308384798962),(112,56.09082984959234,2,23.879626949010003),(113,33.179330865407955,2,25.984527344832493),(114,52.698106403849664,2,20.690328771729785),(115,59.8513749466888,2,25.244230413229975),(116,43.31307445461998,2,27.190832084831065),(117,52.99402703018413,2,29.40227398382096),(118,46.73305265315989,2,24.79235198937386),(119,58.88449008534164,2,28.91047864287259),(120,47.5464691996976,2,20.68502720708321),(121,29.394211283571206,2,33.23791539072754),(122,7.2608432680926915,2,31.60605917500394),(123,43.3840552487308,2,12.37656543237647),(124,27.477416211000765,2,19.820943346662286),(125,26.62887738841361,2,28.039162359292703),(126,38.37545161777105,2,54.95686825731978),(127,17.473505606619135,2,36.68430429574822),(128,31.81592373746074,2,44.510534119507376),(129,15.038786033480667,2,37.4690354932486),(130,10.415728365778653,2,56.16900066883966),(131,12.194284254822147,2,17.01300666046045),(132,26.770696482027994,2,25.469676170787544),(133,47.17751842485683,2,51.417556636749794),(134,43.25290231483871,2,30.09912635123098),(135,36.87851661801269,2,13.37383101310829),(136,13.854256043033127,2,35.205221283440906),(137,12.231413139509549,2,21.244091400958027),(138,7.582666629309108,2,42.778040181449775),(139,8.297841308736983,2,23.119491207279538),(140,18.258216642861356,2,10.712625395970301),(141,12.929319864659405,2,50.96543758056431),(142,12.165444269665969,2,45.15699470819603),(143,9.538402874611016,2,54.29607906022757),(144,34.517407841462486,2,30.487379152801292);
/*!40000 ALTER TABLE `lectura` ENABLE KEYS */;
UNLOCK TABLES;

--
-- Table structure for table `notificaciones`
--

DROP TABLE IF EXISTS `notificaciones`;
/*!40101 SET @saved_cs_client     = @@character_set_client */;
/*!50503 SET character_set_client = utf8mb4 */;
CREATE TABLE `notificaciones` (
  `notificaciones_id` int(11) NOT NULL AUTO_INCREMENT,
  `nombre` varchar(45) DEFAULT NULL,
  `temperatura_max` double DEFAULT NULL,
  `humedad_max` double DEFAULT NULL,
  `invernadero_id` int(11) DEFAULT NULL,
  `temperatura_min` double DEFAULT NULL,
  `humedad_min` double DEFAULT NULL,
  PRIMARY KEY (`notificaciones_id`)
) ENGINE=InnoDB AUTO_INCREMENT=17 DEFAULT CHARSET=utf8mb4 COLLATE=utf8mb4_0900_ai_ci;
/*!40101 SET character_set_client = @saved_cs_client */;

--
-- Dumping data for table `notificaciones`
--

LOCK TABLES `notificaciones` WRITE;
/*!40000 ALTER TABLE `notificaciones` DISABLE KEYS */;
INSERT INTO `notificaciones` VALUES (1,'Notificacion invernadero 01',50,40,1,20,10),(5,'Notificacion invernadero 02',100,100,2,100,100),(12,'Juan 3',1,1,3,1,1);
/*!40000 ALTER TABLE `notificaciones` ENABLE KEYS */;
UNLOCK TABLES;

--
-- Table structure for table `sensor`
--

DROP TABLE IF EXISTS `sensor`;
/*!40101 SET @saved_cs_client     = @@character_set_client */;
/*!50503 SET character_set_client = utf8mb4 */;
CREATE TABLE `sensor` (
  `sensor_id` bigint(20) NOT NULL AUTO_INCREMENT,
  `invernadero_id` bigint(20) DEFAULT NULL,
  `nombre` varchar(255) DEFAULT NULL,
  PRIMARY KEY (`sensor_id`)
) ENGINE=InnoDB AUTO_INCREMENT=5 DEFAULT CHARSET=utf8mb4 COLLATE=utf8mb4_0900_ai_ci;
/*!40101 SET character_set_client = @saved_cs_client */;

--
-- Dumping data for table `sensor`
--

LOCK TABLES `sensor` WRITE;
/*!40000 ALTER TABLE `sensor` DISABLE KEYS */;
INSERT INTO `sensor` VALUES (1,1,'Sensor belico'),(2,1,'Sensor belico 2.0'),(3,3,'Sensor maziso 2.0'),(4,1,'Sensor super ');
/*!40000 ALTER TABLE `sensor` ENABLE KEYS */;
UNLOCK TABLES;
/*!40103 SET TIME_ZONE=@OLD_TIME_ZONE */;

/*!40101 SET SQL_MODE=@OLD_SQL_MODE */;
/*!40014 SET FOREIGN_KEY_CHECKS=@OLD_FOREIGN_KEY_CHECKS */;
/*!40014 SET UNIQUE_CHECKS=@OLD_UNIQUE_CHECKS */;
/*!40101 SET CHARACTER_SET_CLIENT=@OLD_CHARACTER_SET_CLIENT */;
/*!40101 SET CHARACTER_SET_RESULTS=@OLD_CHARACTER_SET_RESULTS */;
/*!40101 SET COLLATION_CONNECTION=@OLD_COLLATION_CONNECTION */;
/*!40111 SET SQL_NOTES=@OLD_SQL_NOTES */;

-- Dump completed on 2023-05-17  4:13:30
